index	words	numbers
0th	eight	8
1th	eight hundred	800
2th	eight hundred and eight	808
3th	eight hundred and eighteen	818
4th	eight hundred and eighty	880
5th	eight hundred and eighty-eight	888
6th	eight hundred and eighty-five	885
7th	eight hundred and eighty-four	884
8th	eight hundred and eighty-nine	889
9th	eight hundred and eighty-one	881
10th	eight hundred and eighty-seven	887
11th	eight hundred and eighty-six	886
12th	eight hundred and eighty-three	883
13th	eight hundred and eighty-two	882
14th	eight hundred and eleven	811
15th	eight hundred and fifteen	815
16th	eight hundred and fifty	850
17th	eight hundred and fifty-eight	858
18th	eight hundred and fifty-five	855
19th	eight hundred and fifty-four	854
20th	eight hundred and fifty-nine	859
21th	eight hundred and fifty-one	851
22th	eight hundred and fifty-seven	857
23th	eight hundred and fifty-six	856
24th	eight hundred and fifty-three	853
25th	eight hundred and fifty-two	852
26th	eight hundred and five	805
27th	eight hundred and forty	840
28th	eight hundred and forty-eight	848
29th	eight hundred and forty-five	845
30th	eight hundred and forty-four	844
31th	eight hundred and forty-nine	849
32th	eight hundred and forty-one	841
33th	eight hundred and forty-seven	847
34th	eight hundred and forty-six	846
35th	eight hundred and forty-three	843
36th	eight hundred and forty-two	842
37th	eight hundred and four	804
38th	eight hundred and fourteen	814
39th	eight hundred and nine	809
40th	eight hundred and nineteen	819
41th	eight hundred and ninety	890
42th	eight hundred and ninety-eight	898
43th	eight hundred and ninety-five	895
44th	eight hundred and ninety-four	894
45th	eight hundred and ninety-nine	899
46th	eight hundred and ninety-one	891
47th	eight hundred and ninety-seven	897
48th	eight hundred and ninety-six	896
49th	eight hundred and ninety-three	893
50th	eight hundred and ninety-two	892
51th	eight hundred and one	801
52th	eight hundred and seven	807
53th	eight hundred and seventeen	817
54th	eight hundred and seventy	870
55th	eight hundred and seventy-eight	878
56th	eight hundred and seventy-five	875
57th	eight hundred and seventy-four	874
58th	eight hundred and seventy-nine	879
59th	eight hundred and seventy-one	871
60th	eight hundred and seventy-seven	877
61th	eight hundred and seventy-six	876
62th	eight hundred and seventy-three	873
63th	eight hundred and seventy-two	872
64th	eight hundred and six	806
65th	eight hundred and sixteen	816
66th	eight hundred and sixty	860
67th	eight hundred and sixty-eight	868
68th	eight hundred and sixty-five	865
69th	eight hundred and sixty-four	864
70th	eight hundred and sixty-nine	869
71th	eight hundred and sixty-one	861
72th	eight hundred and sixty-seven	867
73th	eight hundred and sixty-six	866
74th	eight hundred and sixty-three	863
75th	eight hundred and sixty-two	862
76th	eight hundred and ten	810
77th	eight hundred and thirteen	813
78th	eight hundred and thirty	830
79th	eight hundred and thirty-eight	838
80th	eight hundred and thirty-five	835
81th	eight hundred and thirty-four	834
82th	eight hundred and thirty-nine	839
83th	eight hundred and thirty-one	831
84th	eight hundred and thirty-seven	837
85th	eight hundred and thirty-six	836
86th	eight hundred and thirty-three	833
87th	eight hundred and thirty-two	832
88th	eight hundred and three	803
89th	eight hundred and twelve	812
90th	eight hundred and twenty	820
91th	eight hundred and twenty-eight	828
92th	eight hundred and twenty-five	825
93th	eight hundred and twenty-four	824
94th	eight hundred and twenty-nine	829
95th	eight hundred and twenty-one	821
96th	eight hundred and twenty-seven	827
97th	eight hundred and twenty-six	826
98th	eight hundred and twenty-three	823
99th	eight hundred and twenty-two	822
100th	eight hundred and two	802
101th	eighteen	18
102th	eighty	80
103th	eighty-eight	88
104th	eighty-five	85
105th	eighty-four	84
106th	eighty-nine	89
107th	eighty-one	81
108th	eighty-seven	87
109th	eighty-six	86
110th	eighty-three	83
111th	eighty-two	82
112th	eleven	11
113th	fifteen	15
114th	fifty	50
115th	fifty-eight	58
116th	fifty-five	55
117th	fifty-four	54
118th	fifty-nine	59
119th	fifty-one	51
120th	fifty-seven	57
121th	fifty-six	56
122th	fifty-three	53
123th	fifty-two	52
124th	five	5
125th	five hundred	500
126th	five hundred and eight	508
127th	five hundred and eighteen	518
128th	five hundred and eighty	580
129th	five hundred and eighty-eight	588
130th	five hundred and eighty-five	585
131th	five hundred and eighty-four	584
132th	five hundred and eighty-nine	589
133th	five hundred and eighty-one	581
134th	five hundred and eighty-seven	587
135th	five hundred and eighty-six	586
136th	five hundred and eighty-three	583
137th	five hundred and eighty-two	582
138th	five hundred and eleven	511
139th	five hundred and fifteen	515
140th	five hundred and fifty	550
141th	five hundred and fifty-eight	558
142th	five hundred and fifty-five	555
143th	five hundred and fifty-four	554
144th	five hundred and fifty-nine	559
145th	five hundred and fifty-one	551
146th	five hundred and fifty-seven	557
147th	five hundred and fifty-six	556
148th	five hundred and fifty-three	553
149th	five hundred and fifty-two	552
150th	five hundred and five	505
151th	five hundred and forty	540
152th	five hundred and forty-eight	548
153th	five hundred and forty-five	545
154th	five hundred and forty-four	544
155th	five hundred and forty-nine	549
156th	five hundred and forty-one	541
157th	five hundred and forty-seven	547
158th	five hundred and forty-six	546
159th	five hundred and forty-three	543
160th	five hundred and forty-two	542
161th	five hundred and four	504
162th	five hundred and fourteen	514
163th	five hundred and nine	509
164th	five hundred and nineteen	519
165th	five hundred and ninety	590
166th	five hundred and ninety-eight	598
167th	five hundred and ninety-five	595
168th	five hundred and ninety-four	594
169th	five hundred and ninety-nine	599
170th	five hundred and ninety-one	591
171th	five hundred and ninety-seven	597
172th	five hundred and ninety-six	596
173th	five hundred and ninety-three	593
174th	five hundred and ninety-two	592
175th	five hundred and one	501
176th	five hundred and seven	507
177th	five hundred and seventeen	517
178th	five hundred and seventy	570
179th	five hundred and seventy-eight	578
180th	five hundred and seventy-five	575
181th	five hundred and seventy-four	574
182th	five hundred and seventy-nine	579
183th	five hundred and seventy-one	571
184th	five hundred and seventy-seven	577
185th	five hundred and seventy-six	576
186th	five hundred and seventy-three	573
187th	five hundred and seventy-two	572
188th	five hundred and six	506
189th	five hundred and sixteen	516
190th	five hundred and sixty	560
191th	five hundred and sixty-eight	568
192th	five hundred and sixty-five	565
193th	five hundred and sixty-four	564
194th	five hundred and sixty-nine	569
195th	five hundred and sixty-one	561
196th	five hundred and sixty-seven	567
197th	five hundred and sixty-six	566
198th	five hundred and sixty-three	563
199th	five hundred and sixty-two	562
200th	five hundred and ten	510
201th	five hundred and thirteen	513
202th	five hundred and thirty	530
203th	five hundred and thirty-eight	538
204th	five hundred and thirty-five	535
205th	five hundred and thirty-four	534
206th	five hundred and thirty-nine	539
207th	five hundred and thirty-one	531
208th	five hundred and thirty-seven	537
209th	five hundred and thirty-six	536
210th	five hundred and thirty-three	533
211th	five hundred and thirty-two	532
212th	five hundred and three	503
213th	five hundred and twelve	512
214th	five hundred and twenty	520
215th	five hundred and twenty-eight	528
216th	five hundred and twenty-five	525
217th	five hundred and twenty-four	524
218th	five hundred and twenty-nine	529
219th	five hundred and twenty-one	521
220th	five hundred and twenty-seven	527
221th	five hundred and twenty-six	526
222th	five hundred and twenty-three	523
223th	five hundred and twenty-two	522
224th	five hundred and two	502
225th	forty	40
226th	forty-eight	48
227th	forty-five	45
228th	forty-four	44
229th	forty-nine	49
230th	forty-one	41
231th	forty-seven	47
232th	forty-six	46
233th	forty-three	43
234th	forty-two	42
235th	four	4
236th	four hundred	400
237th	four hundred and eight	408
238th	four hundred and eighteen	418
239th	four hundred and eighty	480
240th	four hundred and eighty-eight	488
241th	four hundred and eighty-five	485
242th	four hundred and eighty-four	484
243th	four hundred and eighty-nine	489
244th	four hundred and eighty-one	481
245th	four hundred and eighty-seven	487
246th	four hundred and eighty-six	486
247th	four hundred and eighty-three	483
248th	four hundred and eighty-two	482
249th	four hundred and eleven	411
250th	four hundred and fifteen	415
251th	four hundred and fifty	450
252th	four hundred and fifty-eight	458
253th	four hundred and fifty-five	455
254th	four hundred and fifty-four	454
255th	four hundred and fifty-nine	459
256th	four hundred and fifty-one	451
257th	four hundred and fifty-seven	457
258th	four hundred and fifty-six	456
259th	four hundred and fifty-three	453
260th	four hundred and fifty-two	452
261th	four hundred and five	405
262th	four hundred and forty	440
263th	four hundred and forty-eight	448
264th	four hundred and forty-five	445
265th	four hundred and forty-four	444
266th	four hundred and forty-nine	449
267th	four hundred and forty-one	441
268th	four hundred and forty-seven	447
269th	four hundred and forty-six	446
270th	four hundred and forty-three	443
271th	four hundred and forty-two	442
272th	four hundred and four	404
273th	four hundred and fourteen	414
274th	four hundred and nine	409
275th	four hundred and nineteen	419
276th	four hundred and ninety	490
277th	four hundred and ninety-eight	498
278th	four hundred and ninety-five	495
279th	four hundred and ninety-four	494
280th	four hundred and ninety-nine	499
281th	four hundred and ninety-one	491
282th	four hundred and ninety-seven	497
283th	four hundred and ninety-six	496
284th	four hundred and ninety-three	493
285th	four hundred and ninety-two	492
286th	four hundred and one	401
287th	four hundred and seven	407
288th	four hundred and seventeen	417
289th	four hundred and seventy	470
290th	four hundred and seventy-eight	478
291th	four hundred and seventy-five	475
292th	four hundred and seventy-four	474
293th	four hundred and seventy-nine	479
294th	four hundred and seventy-one	471
295th	four hundred and seventy-seven	477
296th	four hundred and seventy-six	476
297th	four hundred and seventy-three	473
298th	four hundred and seventy-two	472
299th	four hundred and six	406
300th	four hundred and sixteen	416
301th	four hundred and sixty	460
302th	four hundred and sixty-eight	468
303th	four hundred and sixty-five	465
304th	four hundred and sixty-four	464
305th	four hundred and sixty-nine	469
306th	four hundred and sixty-one	461
307th	four hundred and sixty-seven	467
308th	four hundred and sixty-six	466
309th	four hundred and sixty-three	463
310th	four hundred and sixty-two	462
311th	four hundred and ten	410
312th	four hundred and thirteen	413
313th	four hundred and thirty	430
314th	four hundred and thirty-eight	438
315th	four hundred and thirty-five	435
316th	four hundred and thirty-four	434
317th	four hundred and thirty-nine	439
318th	four hundred and thirty-one	431
319th	four hundred and thirty-seven	437
320th	four hundred and thirty-six	436
321th	four hundred and thirty-three	433
322th	four hundred and thirty-two	432
323th	four hundred and three	403
324th	four hundred and twelve	412
325th	four hundred and twenty	420
326th	four hundred and twenty-eight	428
327th	four hundred and twenty-five	425
328th	four hundred and twenty-four	424
329th	four hundred and twenty-nine	429
330th	four hundred and twenty-one	421
331th	four hundred and twenty-seven	427
332th	four hundred and twenty-six	426
333th	four hundred and twenty-three	423
334th	four hundred and twenty-two	422
335th	four hundred and two	402
336th	fourteen	14
337th	nine	9
338th	nine hundred	900
339th	nine hundred and eight	908
340th	nine hundred and eighteen	918
341th	nine hundred and eighty	980
342th	nine hundred and eighty-eight	988
343th	nine hundred and eighty-five	985
344th	nine hundred and eighty-four	984
345th	nine hundred and eighty-nine	989
346th	nine hundred and eighty-one	981
347th	nine hundred and eighty-seven	987
348th	nine hundred and eighty-six	986
349th	nine hundred and eighty-three	983
350th	nine hundred and eighty-two	982
351th	nine hundred and eleven	911
352th	nine hundred and fifteen	915
353th	nine hundred and fifty	950
354th	nine hundred and fifty-eight	958
355th	nine hundred and fifty-five	955
356th	nine hundred and fifty-four	954
357th	nine hundred and fifty-nine	959
358th	nine hundred and fifty-one	951
359th	nine hundred and fifty-seven	957
360th	nine hundred and fifty-six	956
361th	nine hundred and fifty-three	953
362th	nine hundred and fifty-two	952
363th	nine hundred and five	905
364th	nine hundred and forty	940
365th	nine hundred and forty-eight	948
366th	nine hundred and forty-five	945
367th	nine hundred and forty-four	944
368th	nine hundred and forty-nine	949
369th	nine hundred and forty-one	941
370th	nine hundred and forty-seven	947
371th	nine hundred and forty-six	946
372th	nine hundred and forty-three	943
373th	nine hundred and forty-two	942
374th	nine hundred and four	904
375th	nine hundred and fourteen	914
376th	nine hundred and nine	909
377th	nine hundred and nineteen	919
378th	nine hundred and ninety	990
379th	nine hundred and ninety-eight	998
380th	nine hundred and ninety-five	995
381th	nine hundred and ninety-four	994
382th	nine hundred and ninety-nine	999
383th	nine hundred and ninety-one	991
384th	nine hundred and ninety-seven	997
385th	nine hundred and ninety-six	996
386th	nine hundred and ninety-three	993
387th	nine hundred and ninety-two	992
388th	nine hundred and one	901
389th	nine hundred and seven	907
390th	nine hundred and seventeen	917
391th	nine hundred and seventy	970
392th	nine hundred and seventy-eight	978
393th	nine hundred and seventy-five	975
394th	nine hundred and seventy-four	974
395th	nine hundred and seventy-nine	979
396th	nine hundred and seventy-one	971
397th	nine hundred and seventy-seven	977
398th	nine hundred and seventy-six	976
399th	nine hundred and seventy-three	973
400th	nine hundred and seventy-two	972
401th	nine hundred and six	906
402th	nine hundred and sixteen	916
403th	nine hundred and sixty	960
404th	nine hundred and sixty-eight	968
405th	nine hundred and sixty-five	965
406th	nine hundred and sixty-four	964
407th	nine hundred and sixty-nine	969
408th	nine hundred and sixty-one	961
409th	nine hundred and sixty-seven	967
410th	nine hundred and sixty-six	966
411th	nine hundred and sixty-three	963
412th	nine hundred and sixty-two	962
413th	nine hundred and ten	910
414th	nine hundred and thirteen	913
415th	nine hundred and thirty	930
416th	nine hundred and thirty-eight	938
417th	nine hundred and thirty-five	935
418th	nine hundred and thirty-four	934
419th	nine hundred and thirty-nine	939
420th	nine hundred and thirty-one	931
421th	nine hundred and thirty-seven	937
422th	nine hundred and thirty-six	936
423th	nine hundred and thirty-three	933
424th	nine hundred and thirty-two	932
425th	nine hundred and three	903
426th	nine hundred and twelve	912
427th	nine hundred and twenty	920
428th	nine hundred and twenty-eight	928
429th	nine hundred and twenty-five	925
430th	nine hundred and twenty-four	924
431th	nine hundred and twenty-nine	929
432th	nine hundred and twenty-one	921
433th	nine hundred and twenty-seven	927
434th	nine hundred and twenty-six	926
435th	nine hundred and twenty-three	923
436th	nine hundred and twenty-two	922
437th	nine hundred and two	902
438th	nineteen	19
439th	ninety	90
440th	ninety-eight	98
441th	ninety-five	95
442th	ninety-four	94
443th	ninety-nine	99
444th	ninety-one	91
445th	ninety-seven	97
446th	ninety-six	96
447th	ninety-three	93
448th	ninety-two	92
449th	one	1
450th	one hundred	100
451th	one hundred and eight	108
452th	one hundred and eighteen	118
453th	one hundred and eighty	180
454th	one hundred and eighty-eight	188
455th	one hundred and eighty-five	185
456th	one hundred and eighty-four	184
457th	one hundred and eighty-nine	189
458th	one hundred and eighty-one	181
459th	one hundred and eighty-seven	187
460th	one hundred and eighty-six	186
461th	one hundred and eighty-three	183
462th	one hundred and eighty-two	182
463th	one hundred and eleven	111
464th	one hundred and fifteen	115
465th	one hundred and fifty	150
466th	one hundred and fifty-eight	158
467th	one hundred and fifty-five	155
468th	one hundred and fifty-four	154
469th	one hundred and fifty-nine	159
470th	one hundred and fifty-one	151
471th	one hundred and fifty-seven	157
472th	one hundred and fifty-six	156
473th	one hundred and fifty-three	153
474th	one hundred and fifty-two	152
475th	one hundred and five	105
476th	one hundred and forty	140
477th	one hundred and forty-eight	148
478th	one hundred and forty-five	145
479th	one hundred and forty-four	144
480th	one hundred and forty-nine	149
481th	one hundred and forty-one	141
482th	one hundred and forty-seven	147
483th	one hundred and forty-six	146
484th	one hundred and forty-three	143
485th	one hundred and forty-two	142
486th	one hundred and four	104
487th	one hundred and fourteen	114
488th	one hundred and nine	109
489th	one hundred and nineteen	119
490th	one hundred and ninety	190
491th	one hundred and ninety-eight	198
492th	one hundred and ninety-five	195
493th	one hundred and ninety-four	194
494th	one hundred and ninety-nine	199
495th	one hundred and ninety-one	191
496th	one hundred and ninety-seven	197
497th	one hundred and ninety-six	196
498th	one hundred and ninety-three	193
499th	one hundred and ninety-two	192
500th	one hundred and one	101
501th	one hundred and seven	107
502th	one hundred and seventeen	117
503th	one hundred and seventy	170
504th	one hundred and seventy-eight	178
505th	one hundred and seventy-five	175
506th	one hundred and seventy-four	174
507th	one hundred and seventy-nine	179
508th	one hundred and seventy-one	171
509th	one hundred and seventy-seven	177
510th	one hundred and seventy-six	176
511th	one hundred and seventy-three	173
512th	one hundred and seventy-two	172
513th	one hundred and six	106
514th	one hundred and sixteen	116
515th	one hundred and sixty	160
516th	one hundred and sixty-eight	168
517th	one hundred and sixty-five	165
518th	one hundred and sixty-four	164
519th	one hundred and sixty-nine	169
520th	one hundred and sixty-one	161
521th	one hundred and sixty-seven	167
522th	one hundred and sixty-six	166
523th	one hundred and sixty-three	163
524th	one hundred and sixty-two	162
525th	one hundred and ten	110
526th	one hundred and thirteen	113
527th	one hundred and thirty	130
528th	one hundred and thirty-eight	138
529th	one hundred and thirty-five	135
530th	one hundred and thirty-four	134
531th	one hundred and thirty-nine	139
532th	one hundred and thirty-one	131
533th	one hundred and thirty-seven	137
534th	one hundred and thirty-six	136
535th	one hundred and thirty-three	133
536th	one hundred and thirty-two	132
537th	one hundred and three	103
538th	one hundred and twelve	112
539th	one hundred and twenty	120
540th	one hundred and twenty-eight	128
541th	one hundred and twenty-five	125
542th	one hundred and twenty-four	124
543th	one hundred and twenty-nine	129
544th	one hundred and twenty-one	121
545th	one hundred and twenty-seven	127
546th	one hundred and twenty-six	126
547th	one hundred and twenty-three	123
548th	one hundred and twenty-two	122
549th	one hundred and two	102
550th	one thousand	1000
551th	seven	7
552th	seven hundred	700
553th	seven hundred and eight	708
554th	seven hundred and eighteen	718
555th	seven hundred and eighty	780
556th	seven hundred and eighty-eight	788
557th	seven hundred and eighty-five	785
558th	seven hundred and eighty-four	784
559th	seven hundred and eighty-nine	789
560th	seven hundred and eighty-one	781
561th	seven hundred and eighty-seven	787
562th	seven hundred and eighty-six	786
563th	seven hundred and eighty-three	783
564th	seven hundred and eighty-two	782
565th	seven hundred and eleven	711
566th	seven hundred and fifteen	715
567th	seven hundred and fifty	750
568th	seven hundred and fifty-eight	758
569th	seven hundred and fifty-five	755
570th	seven hundred and fifty-four	754
571th	seven hundred and fifty-nine	759
572th	seven hundred and fifty-one	751
573th	seven hundred and fifty-seven	757
574th	seven hundred and fifty-six	756
575th	seven hundred and fifty-three	753
576th	seven hundred and fifty-two	752
577th	seven hundred and five	705
578th	seven hundred and forty	740
579th	seven hundred and forty-eight	748
580th	seven hundred and forty-five	745
581th	seven hundred and forty-four	744
582th	seven hundred and forty-nine	749
583th	seven hundred and forty-one	741
584th	seven hundred and forty-seven	747
585th	seven hundred and forty-six	746
586th	seven hundred and forty-three	743
587th	seven hundred and forty-two	742
588th	seven hundred and four	704
589th	seven hundred and fourteen	714
590th	seven hundred and nine	709
591th	seven hundred and nineteen	719
592th	seven hundred and ninety	790
593th	seven hundred and ninety-eight	798
594th	seven hundred and ninety-five	795
595th	seven hundred and ninety-four	794
596th	seven hundred and ninety-nine	799
597th	seven hundred and ninety-one	791
598th	seven hundred and ninety-seven	797
599th	seven hundred and ninety-six	796
600th	seven hundred and ninety-three	793
601th	seven hundred and ninety-two	792
602th	seven hundred and one	701
603th	seven hundred and seven	707
604th	seven hundred and seventeen	717
605th	seven hundred and seventy	770
606th	seven hundred and seventy-eight	778
607th	seven hundred and seventy-five	775
608th	seven hundred and seventy-four	774
609th	seven hundred and seventy-nine	779
610th	seven hundred and seventy-one	771
611th	seven hundred and seventy-seven	777
612th	seven hundred and seventy-six	776
613th	seven hundred and seventy-three	773
614th	seven hundred and seventy-two	772
615th	seven hundred and six	706
616th	seven hundred and sixteen	716
617th	seven hundred and sixty	760
618th	seven hundred and sixty-eight	768
619th	seven hundred and sixty-five	765
620th	seven hundred and sixty-four	764
621th	seven hundred and sixty-nine	769
622th	seven hundred and sixty-one	761
623th	seven hundred and sixty-seven	767
624th	seven hundred and sixty-six	766
625th	seven hundred and sixty-three	763
626th	seven hundred and sixty-two	762
627th	seven hundred and ten	710
628th	seven hundred and thirteen	713
629th	seven hundred and thirty	730
630th	seven hundred and thirty-eight	738
631th	seven hundred and thirty-five	735
632th	seven hundred and thirty-four	734
633th	seven hundred and thirty-nine	739
634th	seven hundred and thirty-one	731
635th	seven hundred and thirty-seven	737
636th	seven hundred and thirty-six	736
637th	seven hundred and thirty-three	733
638th	seven hundred and thirty-two	732
639th	seven hundred and three	703
640th	seven hundred and twelve	712
641th	seven hundred and twenty	720
642th	seven hundred and twenty-eight	728
643th	seven hundred and twenty-five	725
644th	seven hundred and twenty-four	724
645th	seven hundred and twenty-nine	729
646th	seven hundred and twenty-one	721
647th	seven hundred and twenty-seven	727
648th	seven hundred and twenty-six	726
649th	seven hundred and twenty-three	723
650th	seven hundred and twenty-two	722
651th	seven hundred and two	702
652th	seventeen	17
653th	seventy	70
654th	seventy-eight	78
655th	seventy-five	75
656th	seventy-four	74
657th	seventy-nine	79
658th	seventy-one	71
659th	seventy-seven	77
660th	seventy-six	76
661th	seventy-three	73
662th	seventy-two	72
663th	six	6
664th	six hundred	600
665th	six hundred and eight	608
666th	six hundred and eighteen	618
667th	six hundred and eighty	680
668th	six hundred and eighty-eight	688
669th	six hundred and eighty-five	685
670th	six hundred and eighty-four	684
671th	six hundred and eighty-nine	689
672th	six hundred and eighty-one	681
673th	six hundred and eighty-seven	687
674th	six hundred and eighty-six	686
675th	six hundred and eighty-three	683
676th	six hundred and eighty-two	682
677th	six hundred and eleven	611
678th	six hundred and fifteen	615
679th	six hundred and fifty	650
680th	six hundred and fifty-eight	658
681th	six hundred and fifty-five	655
682th	six hundred and fifty-four	654
683th	six hundred and fifty-nine	659
684th	six hundred and fifty-one	651
685th	six hundred and fifty-seven	657
686th	six hundred and fifty-six	656
687th	six hundred and fifty-three	653
688th	six hundred and fifty-two	652
689th	six hundred and five	605
690th	six hundred and forty	640
691th	six hundred and forty-eight	648
692th	six hundred and forty-five	645
693th	six hundred and forty-four	644
694th	six hundred and forty-nine	649
695th	six hundred and forty-one	641
696th	six hundred and forty-seven	647
697th	six hundred and forty-six	646
698th	six hundred and forty-three	643
699th	six hundred and forty-two	642
700th	six hundred and four	604
701th	six hundred and fourteen	614
702th	six hundred and nine	609
703th	six hundred and nineteen	619
704th	six hundred and ninety	690
705th	six hundred and ninety-eight	698
706th	six hundred and ninety-five	695
707th	six hundred and ninety-four	694
708th	six hundred and ninety-nine	699
709th	six hundred and ninety-one	691
710th	six hundred and ninety-seven	697
711th	six hundred and ninety-six	696
712th	six hundred and ninety-three	693
713th	six hundred and ninety-two	692
714th	six hundred and one	601
715th	six hundred and seven	607
716th	six hundred and seventeen	617
717th	six hundred and seventy	670
718th	six hundred and seventy-eight	678
719th	six hundred and seventy-five	675
720th	six hundred and seventy-four	674
721th	six hundred and seventy-nine	679
722th	six hundred and seventy-one	671
723th	six hundred and seventy-seven	677
724th	six hundred and seventy-six	676
725th	six hundred and seventy-three	673
726th	six hundred and seventy-two	672
727th	six hundred and six	606
728th	six hundred and sixteen	616
729th	six hundred and sixty	660
730th	six hundred and sixty-eight	668
731th	six hundred and sixty-five	665
732th	six hundred and sixty-four	664
733th	six hundred and sixty-nine	669
734th	six hundred and sixty-one	661
735th	six hundred and sixty-seven	667
736th	six hundred and sixty-six	666
737th	six hundred and sixty-three	663
738th	six hundred and sixty-two	662
739th	six hundred and ten	610
740th	six hundred and thirteen	613
741th	six hundred and thirty	630
742th	six hundred and thirty-eight	638
743th	six hundred and thirty-five	635
744th	six hundred and thirty-four	634
745th	six hundred and thirty-nine	639
746th	six hundred and thirty-one	631
747th	six hundred and thirty-seven	637
748th	six hundred and thirty-six	636
749th	six hundred and thirty-three	633
750th	six hundred and thirty-two	632
751th	six hundred and three	603
752th	six hundred and twelve	612
753th	six hundred and twenty	620
754th	six hundred and twenty-eight	628
755th	six hundred and twenty-five	625
756th	six hundred and twenty-four	624
757th	six hundred and twenty-nine	629
758th	six hundred and twenty-one	621
759th	six hundred and twenty-seven	627
760th	six hundred and twenty-six	626
761th	six hundred and twenty-three	623
762th	six hundred and twenty-two	622
763th	six hundred and two	602
764th	sixteen	16
765th	sixty	60
766th	sixty-eight	68
767th	sixty-five	65
768th	sixty-four	64
769th	sixty-nine	69
770th	sixty-one	61
771th	sixty-seven	67
772th	sixty-six	66
773th	sixty-three	63
774th	sixty-two	62
775th	ten	10
776th	thirteen	13
777th	thirty	30
778th	thirty-eight	38
779th	thirty-five	35
780th	thirty-four	34
781th	thirty-nine	39
782th	thirty-one	31
783th	thirty-seven	37
784th	thirty-six	36
785th	thirty-three	33
786th	thirty-two	32
787th	three	3
788th	three hundred	300
789th	three hundred and eight	308
790th	three hundred and eighteen	318
791th	three hundred and eighty	380
792th	three hundred and eighty-eight	388
793th	three hundred and eighty-five	385
794th	three hundred and eighty-four	384
795th	three hundred and eighty-nine	389
796th	three hundred and eighty-one	381
797th	three hundred and eighty-seven	387
798th	three hundred and eighty-six	386
799th	three hundred and eighty-three	383
800th	three hundred and eighty-two	382
801th	three hundred and eleven	311
802th	three hundred and fifteen	315
803th	three hundred and fifty	350
804th	three hundred and fifty-eight	358
805th	three hundred and fifty-five	355
806th	three hundred and fifty-four	354
807th	three hundred and fifty-nine	359
808th	three hundred and fifty-one	351
809th	three hundred and fifty-seven	357
810th	three hundred and fifty-six	356
811th	three hundred and fifty-three	353
812th	three hundred and fifty-two	352
813th	three hundred and five	305
814th	three hundred and forty	340
815th	three hundred and forty-eight	348
816th	three hundred and forty-five	345
817th	three hundred and forty-four	344
818th	three hundred and forty-nine	349
819th	three hundred and forty-one	341
820th	three hundred and forty-seven	347
821th	three hundred and forty-six	346
822th	three hundred and forty-three	343
823th	three hundred and forty-two	342
824th	three hundred and four	304
825th	three hundred and fourteen	314
826th	three hundred and nine	309
827th	three hundred and nineteen	319
828th	three hundred and ninety	390
829th	three hundred and ninety-eight	398
830th	three hundred and ninety-five	395
831th	three hundred and ninety-four	394
832th	three hundred and ninety-nine	399
833th	three hundred and ninety-one	391
834th	three hundred and ninety-seven	397
835th	three hundred and ninety-six	396
836th	three hundred and ninety-three	393
837th	three hundred and ninety-two	392
838th	three hundred and one	301
839th	three hundred and seven	307
840th	three hundred and seventeen	317
841th	three hundred and seventy	370
842th	three hundred and seventy-eight	378
843th	three hundred and seventy-five	375
844th	three hundred and seventy-four	374
845th	three hundred and seventy-nine	379
846th	three hundred and seventy-one	371
847th	three hundred and seventy-seven	377
848th	three hundred and seventy-six	376
849th	three hundred and seventy-three	373
850th	three hundred and seventy-two	372
851th	three hundred and six	306
852th	three hundred and sixteen	316
853th	three hundred and sixty	360
854th	three hundred and sixty-eight	368
855th	three hundred and sixty-five	365
856th	three hundred and sixty-four	364
857th	three hundred and sixty-nine	369
858th	three hundred and sixty-one	361
859th	three hundred and sixty-seven	367
860th	three hundred and sixty-six	366
861th	three hundred and sixty-three	363
862th	three hundred and sixty-two	362
863th	three hundred and ten	310
864th	three hundred and thirteen	313
865th	three hundred and thirty	330
866th	three hundred and thirty-eight	338
867th	three hundred and thirty-five	335
868th	three hundred and thirty-four	334
869th	three hundred and thirty-nine	339
870th	three hundred and thirty-one	331
871th	three hundred and thirty-seven	337
872th	three hundred and thirty-six	336
873th	three hundred and thirty-three	333
874th	three hundred and thirty-two	332
875th	three hundred and three	303
876th	three hundred and twelve	312
877th	three hundred and twenty	320
878th	three hundred and twenty-eight	328
879th	three hundred and twenty-five	325
880th	three hundred and twenty-four	324
881th	three hundred and twenty-nine	329
882th	three hundred and twenty-one	321
883th	three hundred and twenty-seven	327
884th	three hundred and twenty-six	326
885th	three hundred and twenty-three	323
886th	three hundred and twenty-two	322
887th	three hundred and two	302
888th	twelve	12
889th	twenty	20
890th	twenty-eight	28
891th	twenty-five	25
892th	twenty-four	24
893th	twenty-nine	29
894th	twenty-one	21
895th	twenty-seven	27
896th	twenty-six	26
897th	twenty-three	23
898th	twenty-two	22
899th	two	2
900th	two hundred	200
901th	two hundred and eight	208
902th	two hundred and eighteen	218
903th	two hundred and eighty	280
904th	two hundred and eighty-eight	288
905th	two hundred and eighty-five	285
906th	two hundred and eighty-four	284
907th	two hundred and eighty-nine	289
908th	two hundred and eighty-one	281
909th	two hundred and eighty-seven	287
910th	two hundred and eighty-six	286
911th	two hundred and eighty-three	283
912th	two hundred and eighty-two	282
913th	two hundred and eleven	211
914th	two hundred and fifteen	215
915th	two hundred and fifty	250
916th	two hundred and fifty-eight	258
917th	two hundred and fifty-five	255
918th	two hundred and fifty-four	254
919th	two hundred and fifty-nine	259
920th	two hundred and fifty-one	251
921th	two hundred and fifty-seven	257
922th	two hundred and fifty-six	256
923th	two hundred and fifty-three	253
924th	two hundred and fifty-two	252
925th	two hundred and five	205
926th	two hundred and forty	240
927th	two hundred and forty-eight	248
928th	two hundred and forty-five	245
929th	two hundred and forty-four	244
930th	two hundred and forty-nine	249
931th	two hundred and forty-one	241
932th	two hundred and forty-seven	247
933th	two hundred and forty-six	246
934th	two hundred and forty-three	243
935th	two hundred and forty-two	242
936th	two hundred and four	204
937th	two hundred and fourteen	214
938th	two hundred and nine	209
939th	two hundred and nineteen	219
940th	two hundred and ninety	290
941th	two hundred and ninety-eight	298
942th	two hundred and ninety-five	295
943th	two hundred and ninety-four	294
944th	two hundred and ninety-nine	299
945th	two hundred and ninety-one	291
946th	two hundred and ninety-seven	297
947th	two hundred and ninety-six	296
948th	two hundred and ninety-three	293
949th	two hundred and ninety-two	292
950th	two hundred and one	201
951th	two hundred and seven	207
952th	two hundred and seventeen	217
953th	two hundred and seventy	270
954th	two hundred and seventy-eight	278
955th	two hundred and seventy-five	275
956th	two hundred and seventy-four	274
957th	two hundred and seventy-nine	279
958th	two hundred and seventy-one	271
959th	two hundred and seventy-seven	277
960th	two hundred and seventy-six	276
961th	two hundred and seventy-three	273
962th	two hundred and seventy-two	272
963th	two hundred and six	206
964th	two hundred and sixteen	216
965th	two hundred and sixty	260
966th	two hundred and sixty-eight	268
967th	two hundred and sixty-five	265
968th	two hundred and sixty-four	264
969th	two hundred and sixty-nine	269
970th	two hundred and sixty-one	261
971th	two hundred and sixty-seven	267
972th	two hundred and sixty-six	266
973th	two hundred and sixty-three	263
974th	two hundred and sixty-two	262
975th	two hundred and ten	210
976th	two hundred and thirteen	213
977th	two hundred and thirty	230
978th	two hundred and thirty-eight	238
979th	two hundred and thirty-five	235
980th	two hundred and thirty-four	234
981th	two hundred and thirty-nine	239
982th	two hundred and thirty-one	231
983th	two hundred and thirty-seven	237
984th	two hundred and thirty-six	236
985th	two hundred and thirty-three	233
986th	two hundred and thirty-two	232
987th	two hundred and three	203
988th	two hundred and twelve	212
989th	two hundred and twenty	220
990th	two hundred and twenty-eight	228
991th	two hundred and twenty-five	225
992th	two hundred and twenty-four	224
993th	two hundred and twenty-nine	229
994th	two hundred and twenty-one	221
995th	two hundred and twenty-seven	227
996th	two hundred and twenty-six	226
997th	two hundred and twenty-three	223
998th	two hundred and twenty-two	222
999th	two hundred and two	202
1000th	zero	0
